sample,status,exit_code,stdout_bytes,stderr_bytes
gef_-2u6JEYKpR_c0e0I88hmQQ,pass,0,12050,0
gef_-5Y0FBFMjxC8JwY4yprV6A,pass,0,6203,0
gef_-CvTBysZRNoedAbriLVy2Q,pass,0,997,212
gef_-F09ialtcdMf_jhJkJJTLg,pass,0,22225,0
gef_-HHUHGmj9Z_TaPJ8QjMRMw,pass,0,2613,0
gef_-JOzkfyu2R3-CqDLLKKcJA,pass,0,127138,0
gef_-LOxkPytnL0-4kNEwkXFFQ,pass,0,997,212
gef_-UmpgH3WzdgXsrSXK0bckQ,pass,0,997,107
gef_-cOpNXugtdsyyvNZXtoXHA,pass,0,25056,0
gef_-eV0lp7ybOgW0LFy_4GV3A,pass,0,1920,0
gef_-m9QAFbXeNovjTz5ARi4IQ,pass,0,997,107
gef_-rOLvrmyTuvQCm9cH5Fxdw,pass,0,2460,0
gef_-vEk7jRsperitPXKaIOUog,pass,0,997,212
gef_-vRq_3_V0OvFfCXGGtw9zQ,pass,0,231753,0
gef_08wvFMMF-NvPYFWnexAYoQ,pass,0,997,212
gef_0COupWwOLcbe0ETmuUMB2Q,pass,0,997,212
gef_0L--qRIoJtLCOAFA3wsnJA,pass,0,997,212
gef_0X1kfTCZ2r3hpkOQaGeD5w,pass,0,22969,0
gef_0_BIRGbzmJB6Cirb3aikOA,pass,0,94276,0
gef_0d_NEeS1pz_MwCq1eiyTIQ,pass,0,230013,0
gef_0gzttEUwFO-SoMXe6KVfLw,pass,0,2416,0
gef_13Wk9WaGgHCptTrsSkF2QA,pass,0,997,107
gef_198wGkDxneD5-t2laderZA,pass,0,421925,0
gef_1Cyvzyqg_f2MDbdwYArK6A,pass,0,6987,0
gef_1EMsbHP4Nazvj-0fL29ftg,pass,0,22938,0
gef_1S9iDGe_61SF_c5KhyHAjQ,pass,0,18977,0
gef_1Y2Gyf7U4WLSabYxsz6b1w,pass,0,7197,0
gef_1qB1ClaYt53Ep-JQGXNRMQ,pass,0,997,107
gef_2C2IvdeLDLspEONB9qDvnA,pass,0,3045,0
gef_2JzvHVJxzD8NeumbXaXkbg,pass,0,997,107
gef_2TGMvlh0bDRR2GIg3E3vnA,pass,0,997,212
gef_2d1Vxlg7pi5U6QJ7t4H7EA,pass,0,9375,0
gef_3JMsSpH99Eq4Zxcglt5obw,pass,0,231501,0
gef_3Y4kbay3xXmgSIF0SShj1w,pass,0,232028,0
gef_3jD8i7aqP-Fks54n2fqv6Q,pass,0,17189,0
gef_3yMkuIruoQ3Z1BMZkfYowg,pass,0,997,107
gef_45fzHPSUedsOyPoV7j2xbw,pass,0,997,107
gef_4EU9sOrnY2pJB2gTycsYyA,pass,0,1652,0
gef_4LgqM6KGnsp7ZIbIlwkutg,pass,0,15347,0
gef_4RKEfi6g8vwncPlXtJZOpQ,pass,0,224673,0
gef_4SuB-nB0YO4Odf2xFTd-eQ,pass,0,997,107
gef_4Zt1PACYqiWScvxjRghlsg,pass,0,146349,0
gef_4dZyVyNrW6BMcXrdfEEavg,pass,0,22045,0
gef_4hHKcR_Mng2EK7BRGBjnRg,pass,0,45012,0
gef_4szzAha0Kx-yF1ZSl6Yc-g,pass,0,997,107
gef_4uibORn9nuXYl9TdqKWlAQ,pass,0,231441,0
gef_52mi_tD1qcpVWnyiCRanSA,pass,0,23684,0
gef_58IY9JeWB21Ih1J8Nhqrwg,pass,0,15359,0
gef_59j7Q50znmZ6cXUBu0wZcg,pass,0,231165,0
gef_5Zmr5wvMTLgPDS1FhadMJA,pass,0,231656,0
gef_5sPvjtUHc-oCJDPzQ-lr_w,pass,0,20612,0
gef_5sbgE1JfldJQ2lpIO_UZJQ,pass,0,3195,0
gef_6HeR2iHrRKoVJVLEDixZ1Q,pass,0,20513,0
gef_6J8lkEpArPoxY_XebL9ygQ,pass,0,317915,0
gef_6Q4OUrw5F_mx85S0JNaZpQ,pass,0,639633,0
gef_6XIY_komFoxLE6P2EKheyQ,pass,0,1349,0
gef_6bO7mIZP3agNuOxC4rcn6A,pass,0,67231,0
gef_6kFX3qSBLzQPFd5Gz8Rdmg,pass,0,11812,0
gef_6v5xLFebMJdW8G_Sd0CZqg,pass,0,997,212
gef_6zD2GSjLmGlgIm9TjDvamA,pass,0,9352,0
gef_7032UcKFFhL4OXOcFjOQyw,pass,0,231295,107
gef_7DILR6kRltdphY4Utdb6zA,pass,0,6973,0
gef_7DT_-EiyrskTfUi7RLVMiA,pass,0,997,107
gef_7YvCj9X-ZfOlO9k3NQvd1Q,pass,0,100519,0
gef_7_eF-rAlz8otlED7pBuk1A,pass,0,997,212
gef_7cR9gAbwRwxmN0WD3GhHRg,pass,0,997,212
gef_7vxNwO1hVGAmQW89KBdumg,pass,0,18929,0
gef_84Akymo78mtJDotrwXq7jQ,pass,0,997,107
gef_8BMeh8NZgW9DSq-S6SIxDQ,pass,0,3060,0
gef_8KkrK6_AmC2Fuw6QFsjcSg,pass,0,997,212
gef_8NbBG31c04LD9GS-xUuW3Q,pass,0,997,212
gef_8VYsp44v81jse2_wr-T3Lw,pass,0,19585,0
gef_8XBv9CR1VmH72oYZQRoHsw,pass,0,997,107
gef_8e3OrbuWti6wAR59UMqR7Q,pass,0,20023,0
gef_8iZy_GQ5rX2ixgcNfdOqUQ,pass,0,997,212
gef_8wwJ3jbcRyXsiHYXyy898w,pass,0,1282,0
gef_8xaB6UadnvsHXbwA21Z4aA,pass,0,2193,0
gef_91u36Zzj9835-PGZvP-Y9A,pass,0,997,107
gef_92ox5zcIOTAV4mLW3gLb6w,pass,0,3167,0
gef_99T-wlQCNarnZdU4viDHxA,pass,0,5021,0
gef_9DEz6U1fi3LKfzM9VcbjCg,pass,0,230959,0
gef_9HB3EoK5yq8_RX6w1k4Cnw,pass,0,35560,0
gef_9JPOhud0ko3z27BCd7Puhw,pass,0,231609,0
gef_9hMEp9apuLRmYtO1yLfsEA,pass,0,9484,0
gef_9vyKCnQsdgk4VNuVj1Q8Zg,pass,0,231657,0
gef_A1ojx8F0-jJfU-8R1ifKKg,pass,0,2872,0
gef_AGTMbXtGR_A7WuACube9JA,pass,0,2972,0
gef_AHJebhJdxZ6eOg5a1cPPCA,pass,0,16985,0
gef_AHYWJU2_o_Xo-Ggfk1k-mw,pass,0,997,212
gef_AI9OLwsaOxeFyPzCtvm6kA,pass,0,231093,0
gef_AJA9M1v64nkY4DN8rCQK-Q,pass,0,4901,0
gef_ALaLmPbqQYWwvwGLctyrQw,pass,0,997,212
gef_APcyyYsZu34JJZsL9F11tQ,pass,0,5359,0
gef_AT2zZYUYMj7t8A0JYwM9Hw,pass,0,2338,0
gef_AZ8KoR4pJRilAfGeG_8UAQ,pass,0,1369,0
gef_Ab0XLTIet2_e9SoSN-TV1g,pass,0,57920,0
gef_Ag6sE1QZ-s4IujJ_dQhA2A,pass,0,17253,0
gef_AgGtUwH0DCBofSz_1XyGaw,pass,0,997,107
gef_AmwTmEGPpv3YN_ufYFTARw,pass,0,89496,0
gef_Atm1dnv3S330uxwX-BiEJQ,pass,0,64387,0
gef_AzQ2ZE5e481VIuZpT2Iv3g,pass,0,997,107
gef_B5PyLdUcWnvxn3i0Qki-1g,pass,0,2899,0
gef_BMLIhxqHTnp2J9nfKJ5mWA,pass,0,2306,0
gef_BVrW_7GLAesmI4agd6-Ixg,pass,0,4346,0
gef_BWbbLUVT7rGdRo8L1LTK7g,pass,0,5161,0
gef_BZ0wIQtYcMSrTh8vr73_Rw,pass,0,4310,0
gef_BaJRfIqvogPDasyNhdr7JQ,pass,0,5469,0
gef_BiUgx8_5M6to8nP2BPBcfg,pass,0,60187,0
gef_C1NeddCu1ICoMch5q2QBFA,pass,0,997,107
gef_C5zf6TVmJ3eYPo_DGtu6rA,pass,0,997,212
gef_C8o1tuexfoh_acjRqCEBMg,pass,0,4619,0
gef_CIaiFJaie9updS1h9H_WhQ,pass,0,997,107
gef_CprUlogS4lpSwXW6Y0bHbg,pass,0,26669,0
gef_CstmVfN2dkXDxIoLfmGV5g,pass,0,997,107
gef_D8iaP-M1xt39fSZqrwA-ZA,pass,0,997,212
gef_DGGvjTUYDImjq4VgkrXZLg,pass,0,43107,0
gef_DZukYs24KDbSZoUTnJXyeg,pass,0,1282,0
gef_DhDlx9BKvs7leaR8xrTYwA,pass,0,94276,0
gef_Dr7Yf4ixwN56pfvCDMVOGQ,pass,0,1763,0
gef_Du75ZroGAUzDzF9ZFh-xxQ,pass,0,51248,0
gef_EN7_qCLtofRuDxTgljNaIg,pass,0,231033,0
gef_EZ3yWZZ-jih-BRKNSV-7Kw,pass,0,997,107
gef_Eb8gpacWXCHnhLvA2sCy0w,pass,0,282760,0
gef_EbHcv7w5S4cGXNZnROXXqQ,pass,0,120065,0
gef_EuO8ktKdNNseTdVBety5kA,pass,0,231777,0
gef_FG8ZtGx_xqEb5zi78e0PsA,pass,0,3101,0
gef_FRpyGxqG3dPxtW8X9zX6_Q,pass,0,10988,0
gef_Fv1jN4ChXPfV8kRArgTqAw,pass,0,230961,0
gef_Fvzgu5ZM4aOr9TK7IudY8g,pass,0,230673,0
gef_G-TE38pNiPxp_wu240pupQ,pass,0,997,212
gef_G4eTL-j0pFC4u_bkFnHpkQ,pass,0,2191,0
gef_GKOXC9umqC19E1D2isM2Zw,pass,0,997,107
gef_GZwI7DFHCPutWbGGWJuVtw,pass,0,997,107
gef_GfcjdUE0LRzQJcCtMiQ3Pw,pass,0,15477,0
gef_GjDP537kTVgoW0FwjRvdDA,pass,0,997,107
gef_Gy9auYHMHQetHMbjbN-Xgw,pass,0,997,212
gef_HEQo5S09nTEJRVbd_lSSgA,pass,0,997,212
gef_HNTRAuI8VPXo79yVacU6_A,pass,0,2863,0
gef_HPUtoD8NxyhrBzy851mS8Q,pass,0,2172,0
gef_HTvPYtX7AHYp82hbmUhLBw,pass,0,997,212
gef_HhW1PV243zh1bWw1Qb0scQ,pass,0,997,107
gef_HmVGQd64TAHVfp_s_Ue9Sg,pass,0,3243,0
gef_Hn2kfT9bDi7Sv0AoikQTrA,pass,0,230049,0
gef_HwBLvKu-q73HM0NGTMptmQ,pass,0,7282,0
gef_HwiZs-hWjv7NTZoYYy7Q5g,pass,0,997,107
gef_I9mxPjdihatzbK6ga0AOIg,pass,0,997,212
gef_ICQcX7WT6DoXBqUZ23bmUQ,pass,0,3317,0
gef_IMgKkDd-sGBT23gG8S-ICA,pass,0,1821,0
gef_IXYOQwKXDWszbztHxbLBtQ,pass,0,231177,0
gef_IeQZ055q3yOa1WjbffRCEQ,pass,0,997,212
gef_IlckGtsp-3afqK5c-mB3Vw,pass,0,13332,0
gef_ImoONR4MWnF-pssrEmcl8Q,pass,0,5021,0
gef_IwgN0F3up7CrnkfAkGeFUQ,pass,0,7221,0
gef_IzwDqQNP8-_n-0KLm2_C5A,pass,0,997,212
gef_J73QBn20Bs3RdQQ-geuagg,pass,0,7867,0
gef_JC67q_cJUuL1iTCATEU_Hg,pass,0,17763,0
gef_JGD0vnLuqMAakSRaKx7o1A,pass,0,224673,0
gef_JKocMefXZ9I8YUua440PlQ,pass,0,159438,105
gef_JMy32A6Md1sZ93IYmnxr4A,pass,0,4906,0
gef_JUPpzsC0LQBW2LEe1eF8bA,pass,0,7660,0
gef_JbPIDVWTYkQ6I432z4_frg,pass,0,997,212
gef_KKBf8ZPwmVOiM0J_veGRHw,pass,0,997,212
gef_KN-MrTNwl0PtiAjJe6olZQ,pass,0,997,212
gef_L1OlZbmekmMjepXcC6vimw,pass,0,32986,0
gef_LImJ8rkhw3ZAgDD2JHDiBg,pass,0,997,107
gef_LMG7wcZ0FCrKIHiVgvmaOQ,pass,0,997,107
gef_LQJsv6kz3kUu7LEj5kzoZA,pass,0,231549,0
gef_Lb4iERIa2ZVwsO6rLnlJDQ,pass,0,1808,0
gef_LgmEnt8Xpe7PXFqgiEapkQ,pass,0,5391,0
gef_LsADo2s1yhOw-zUQvpAWAw,pass,0,4711,0
gef_LxnDgIQrIHjGZQ4RuHbwFg,pass,0,997,107
gef_MUluLs52JtS1eQlIcIbHyg,pass,0,13895,0
gef_MVXKs-xG6xqDKu7SF_m2kw,pass,0,2611,0
gef_MaC6Fmvw04IUF2cqxUqtOg,pass,0,997,107
gef_MlQQ0Rm2Tvd2Hk8Idmmxow,pass,0,997,212
gef_MxBPeacH730ZL98x91Uuqw,pass,0,997,212
gef_NJ5LYeCyt9YWiGufMC8dGg,pass,0,997,107
gef_NUFRk9__8SrqXfIsIV_KCg,pass,0,997,107
gef_NfWctczgC07UI-k5lp7xCw,pass,0,18044,0
gef_NobwZyadt183M9vJdZbbJQ,pass,0,30445,0
gef_Nz1jjpffir_ZfbQzOA00dw,pass,0,997,212
gef_O9r0L9-ukpFzagz6Tcu5uA,pass,0,6602,0
gef_OTOd_oKNoLFLkn3x83Ttmg,pass,0,4734,0
gef_OgdcNGlPZraH_A1hNhlvFA,pass,0,93321,0
gef_Oj3JUwIVXIMpDl0SS3Y0qQ,pass,0,997,107
gef_Onj4kWILiJh12VbeD5OBJg,pass,0,3313,107
gef_Ope17hy_N6k7LVYjoJhQ3A,pass,0,997,212
gef_PC8M8sv-v_vtp0JPUU0UOw,pass,0,35389,0
gef_PEUK8C1Zg91c0_lJtF4hKA,pass,0,2813,0
gef_POWTZivyFCgIFJ50QiwFMw,pass,0,2631,0
gef_PZQAM6Ps4RYCYa-qXb109A,pass,0,997,212
gef_QCsBsQeVdTVjVhOwOKnbTw,pass,0,94276,0
gef_QEYlOgcLgs5qVAcQMQxh5g,pass,0,2401,0
gef_QQSDO06SXsy5r3GjDL46ug,pass,0,231020,0
gef_QVK8h2LzQg9mTXRgabMJdw,pass,0,94276,0
gef_QXSfc2qJOoWZwoc4YQ28uA,pass,0,997,107
gef_QZHDj9mRYNZKneROydsdvg,pass,0,1465,0
gef_Qa9L1Fb8adGfra7y5EhpYg,pass,0,997,107
gef_QeIqxywkjkXkqdSk1JZm4A,pass,0,7730,0
gef_QgA1WrZBWHMKcGH5mqZb7A,pass,0,282772,0
gef_QrMW1qBDA4l7efCCQbReow,pass,0,997,212
gef_QsdZH3QgcXzhi3QzfWk1mA,pass,0,9603,0
gef_QwPUmMVPtrjR_FWw_5d9bg,pass,0,997,212
gef_R7BZOAAgONO-5Qlo6Z755Q,pass,0,997,212
gef_R8OI0RPahcHYXF4AGKnPRw,pass,0,997,212
gef_RIpzeCQ0UL7iX8cQzskB8A,pass,0,1410,0
gef_RJx2q_VMgWGdR7_umYCPFg,pass,0,224649,0
gef_RXCau3EhQu_rL54XkjIgBw,pass,0,15126,0
gef_RbgpRDpYqJ4w_EJlcHLrsw,pass,0,17763,0
gef_RfGkJqJULwzEhmo1ow2bSQ,pass,0,50848,0
gef_RiT3yiC-RwMIetxDAldBIw,pass,0,45555,0
gef_SZKGj9M0icA2wIrlpp9Izw,pass,0,3985,0
gef_SoF_Cl2QVp656T-ogx8d4w,pass,0,4398,0
gef_SrqOfwvtiBEZBaVR0ca3fQ,pass,0,49274,0
gef_StT0dCQ8-R14_ytgKdLzYg,pass,0,230491,107
gef_SxdHqQgmLdCrxleSgHhyvQ,pass,0,997,212
gef_TKNWndxJD4zGKTEF9c6nuQ,pass,0,997,107
gef_TYsan5oTTSG6NHnhOAmpOQ,pass,0,60379,0
gef_Tjq-JW6rZi3YygyXlO4rEQ,pass,0,1856,0
gef_UEogMweu11HMdEeILfwvEA,pass,0,7134,0
gef_UKxdaWA1tU_2nDCrsqy4TQ,pass,0,17775,0
gef_UcCUGuQvgGPn_ymZF5iDaw,pass,0,5613,0
gef_UnyCPhVeap93wsNIwAfsGA,pass,0,6048,0
gef_UqVBCfVs0CQioSA13w5b2Q,pass,0,13332,0
gef_VLKYhUE13GSx1_KqqedosA,pass,0,2605,0
gef_Va-D6Nli_elXf-gx6ZwFKg,pass,0,997,212
gef_Vkie1sA_eDVhMBNnfhZvwA,pass,0,997,212
gef_VxUMi9jx-ZXfyO6HAf3xqQ,pass,0,159438,105
gef_W5cQEecj0rOv1_ATfmpE6Q,pass,0,54143,0
gef_WS5WxwUyA8IvQSmCqfx3BQ,pass,0,997,107
gef_WYrkE1PJapggBTmE3TNBYw,pass,0,231740,0
gef_WxNB2juA8Asd-Wrw7OMHXQ,pass,0,7388,0
gef_WzIExdxMUDmSHeseU8NBJw,pass,0,997,107
gef_X1R7DgZCEsT1gGC4jLjMQA,pass,0,2182,0
gef_X4dMoGllMn2wWfyrZE7NRg,pass,0,29865,0
gef_X5bWcHIPu31isNF3qwm_7A,pass,0,17329,0
gef_X7RphZYo5zWPCdvGKzkzEA,pass,0,146573,0
gef_X7tiP1X7EhsImIOKIQS7FA,pass,0,997,107
gef_XEk57xNfHfkoOHytw5Q7IQ,pass,0,4901,0
gef_XElE77tekPc-vpgalvHRLQ,pass,0,997,212
gef_XKOhxAxHyWMKFLIq_lC46Q,pass,0,1990,0
gef_XRXyESWrmsoQJqkDukubWg,pass,0,9826,0
gef_XTe1iOSt1hiD71xKYLIBkw,pass,0,997,107
gef_X_5F-h7dqvemeB54nY_Vhg,pass,0,8794,0
gef_Xe31ZK_keTUrLLrGGczYlw,pass,0,2400,0
gef_XgjNuUc1I3PmJHPNvHpBFg,pass,0,19585,0
gef_XhSiyW7SlmqIPYs776ftYA,pass,0,19348,0
gef_Xsd4VDAZfdxnmkU1jrK1aA,pass,0,100688,0
gef_YdWoh3BdCK3o4YvZmdq6pA,pass,0,2176,0
gef_YeY1oeMO_wJEDnZN6Rza1w,pass,0,231147,0
gef_Z-1TqSOOz0oLV6vKA0XZiQ,pass,0,997,107
gef_ZAw99zkQNXqHNqlTvywB_A,pass,0,997,107
gef_ZFASM2xG6qOFwI2NjUAkUA,pass,0,54143,0
gef_ZGQe1f435aeuSgslkZUxiw,pass,0,3033,0
gef_ZHL2ZNKp75rWeMF9XRFYIw,pass,0,997,212
gef_ZPkZ75pABUTfeb_u5yh7yg,pass,0,6416,0
gef_ZQa8b3WTBkfM886HN-NpKg,pass,0,20373,0
gef_ZSVV53Bn9U0gBFEOYOIXAw,pass,0,19694,0
gef_ZYKgn5SHcCyHcoM742amdg,pass,0,93321,0
gef_ZZej8bPfN3QAJainY8UjDw,pass,0,231093,0
gef_ZgS3u4w_YnCN63u01Bvvew,pass,0,1797,0
gef_ZhsQTgvlQMx6m-trqS0Znw,pass,0,997,107
gef_Zlsj9DICJ6jIJOhwuIrLRg,pass,0,26290,0
gef__2FB47QdHjrhV3cs6vHWzw,pass,0,997,107
gef__33e128NxGWUiqG2qK-v6g,pass,0,5453,0
gef__8BSdtLN337DHebjIJEIlQ,pass,0,997,212
gef__C36Zx2LyBa3sLMcuuGsEw,pass,0,48025,0
gef__cb0UnX96mWzFM8SpPHlPw,pass,0,89496,0
gef_aRyd6i0d1m2Uoa3bzJzbRA,pass,0,1364,0
gef_aSEdNqAFGBEQzOtXvthkGA,pass,0,2322,0
gef_aVsMi_GEOZSu-DHOyfPItQ,pass,0,43153,0
gef_afl_p_zgMrR_1IEGbV_oyg,pass,0,997,212
gef_atXy9gitXLNyJarqYEP8uQ,pass,0,127134,0
gef_b1qOVR54fYHkYYH3Z2VNVQ,pass,0,1504,0
gef_bIBbEcuKjtMY5zp1kOs2UQ,pass,0,35560,0
gef_bNzB4C-SO7i5beZibNKb0A,pass,0,100339,0
gef_bP8pfgFPMXa_wb6rdIHZYw,pass,0,997,212
gef_bmXmDfNfIU41p_8XW67zrQ,pass,0,20612,0
gef_c5bDv7fknYbSLNVzVsdl3w,pass,0,231597,0
gef_cNVWwsruzs7L1eu8LvnQGA,pass,0,997,212
gef_cNw3jvZI19mun2EyycP5Rg,pass,0,224673,0
gef_cSSRO85LwfCbsIn-IHwLfg,pass,0,35548,0
gef_cgBJ6qQB2baMzGxlbTj6aw,pass,0,2971,0
gef_chUMytd1bwcB5Cbc59FHRA,pass,0,260141,0
gef_cm4LYxcHk0Gh30OdAGt6kQ,pass,0,997,107
gef_d9RtvqTKbgTr-3jXPTpiyw,pass,0,5080,0
gef_dC2zAlQupKmiMErtUvJuGg,pass,0,7997,0
gef_dRVkXTLklfSZ5rnAahpVyQ,pass,0,997,212
gef_dWil0qHqAirHnCMEt8P3XQ,pass,0,231308,0
gef_da6cCE7ToazWgeanoTqhGQ,pass,0,997,107
gef_dvm2QEc683m6xrPXX4yVvA,pass,0,9171,0
gef_e9a8SNgyrD00V3UjXZp2Qw,pass,0,2859,0
gef_eCuLFBqxke7fgla-OeEPqw,pass,0,8492,0
gef_ePrGbOnacs6y-1dh_0InzA,pass,0,7408,0
gef_ejnLRWVnQqZRz38PLQDf9A,pass,0,997,107
gef_ewfDkVSwr-FUjgzfei0MmA,pass,0,997,107
gef_fRlyQEq838Syue6pzaJaWw,pass,0,3580,0
gef_fdOC5qIxU3IWI6M3RynhhA,pass,0,2110,0
gef_fwJKn4fp2Pi6SFSMJXA2Kg,pass,0,67231,0
gef_g8ds8gQVGe2MP7R9u5bkIw,pass,0,11459,0
gef_gHJ6vYvtXO05vOb6M9AUNg,pass,0,997,107
gef_gNA4cjMXKY037oxdtB8RHg,pass,0,146573,0
gef_gajFM-6mTKihXgxU6KrIUg,pass,0,120746,0
gef_gg1kvGaHWI408pJIEUt6fA,pass,0,997,107
gef_ggkMcE1FjI2Brxh-0tTzPQ,pass,0,17775,0
gef_ghF71LqVjtKeUSV-pDPLQg,pass,0,997,212
gef_gqszp9PR7zCRcigGWut2xg,pass,0,4906,0
gef_grm2H5ydd81Xwo2cMWAOMg,pass,0,997,107
gef_hF_ypUit3b6PHCt8Gwmljw,pass,0,100051,0
gef_heCIRXJ7VgqCt8Mp8lGENQ,pass,0,120746,0
gef_hf1no6KxRDxydduEBngNiQ,pass,0,2123,0
gef_hmkCK0w2VtmRgi2f3SawIA,pass,0,2103,0
gef_i2OQxcmsYH3GAQnonKVqoA,pass,0,230683,107
gef_i67me2oD4xxnmVEz92bqdA,pass,0,3093,0
gef_iV0RIdGM4ViHU25RA182Mw,pass,0,997,212
gef_i_1XkJlFfZSahIuGmRqJHg,pass,0,146573,0
gef_ihObKTc5rEV7r0sBy2Ji3g,pass,0,231932,0
gef_ii5meEaLtg80Tklm8mHpCw,pass,0,100339,0
gef_iintJfpTj6ukrQ6k7XmroQ,pass,0,997,212
gef_inBha-zPDACgrkfdwBK1tw,pass,0,997,107
gef_ioLn22kadgPjd06VpkFw1Q,pass,0,17301,0
gef_j3A1oRmf_JGd8iJ-9FyScA,pass,0,29266,0
gef_j6aTTTiJRj8199h-ZhqvJQ,pass,0,2123,0
gef_jJwX2kPGbpTUeS3PjkTYag,pass,0,1445,0
gef_jQSDr6uEdr-OTM80k66xEw,pass,0,1714,0
gef_jSFgAx1aMz59QPq_arTX9g,pass,0,4436,0
gef_j_tdFirMT-h7aAamev8oKg,pass,0,92062,0
gef_jwjNImlWiLlzv_5THwOH_A,pass,0,997,212
gef_k-OqS5ui0089A2kfRcHCfQ,pass,0,230527,107
gef_k2whVQVvbCdjA5scYHGGnA,pass,0,9341,0
gef_k5QlZW03PzedoSPXXLa37w,pass,0,997,212
gef_kDDr0yOrMgEuiJK0q_dEIg,pass,0,7868,0
gef_kJE0uzC-5Zy26xhnADbSmA,pass,0,997,212
gef_kbgwjKhQ6rWy2ZFn_JkHgA,pass,0,127126,0
gef_l4JmWlIKO1lK7Mgu5qD7uA,pass,0,997,212
gef_l54z-QDfdxP_eVf4g-4Xwg,pass,0,997,212
gef_l5vTasPRH6DzFQfOLZ1FsQ,pass,0,997,212
gef_l9q0lZDkboOqg8u1QKndyw,pass,0,6887,0
gef_lJY2fTs60325jIMNwZYzIA,pass,0,997,212
gef_lNTjOtR_VQBDufBBWgcuzQ,pass,0,997,107
gef_lY4ZSTmI-EVeA-8kDOLPYQ,pass,0,45520,0
gef_lZk-YqtD2bTb110w4EIMQg,pass,0,231308,0
gef_lbzYtkIngwEFENReJb2EfQ,pass,0,1767,0
gef_lrqRjnCnv6QYVCMYmQcWzg,pass,0,146349,0
gef_m-5Hi_LVrIWcVdbEumW5sQ,pass,0,997,107
gef_m3JPTpkjqImvMcJJCsvfxQ,pass,0,997,212
gef_mJFkdAwjAnXh3JL2Eh6Tlg,pass,0,8417,0
gef_mKjNGQKvyzaY0urq91B50g,pass,0,100051,0
gef_mMZOYOk9ZmiBd3hZPJjtrA,pass,0,4837,0
gef_mNqSmqOea8UIY3G4xxRGXQ,pass,0,17069,0
gef_mQ-_2M58H2MRR3aQRLE9vw,pass,0,2643,0
gef_mTA04WAnc829EUBx_kDcig,pass,0,19108,0
gef_mnZDpDdvzGTVjllsdrlDuA,pass,0,224649,0
gef_mplRBNMIVNEeKPvEBjPdZg,pass,0,1350,0
gef_mq_4qC7zZxr-CNilGtaYUQ,pass,0,12045,0
gef_n3BXKNIMxnAjkYggo-POEg,pass,0,997,212
gef_nOgZsIiWSoMCRYVIe_kSzg,pass,0,997,212
gef_nYSEKsd7-JpjqvOfI8UyNg,pass,0,35548,0
gef_nvsCbEMN5NcDdtMzxFmYPQ,pass,0,100688,0
gef_nxy9afDQJexCDrVdMbhF0A,pass,0,997,107
gef_nyUHJP8e48Gu13hobGnhzg,pass,0,1810,0
gef_o7GBVcP3e3vmBd-XvLE2SQ,pass,0,997,212
gef_oIrq_VLJ-zSJGU8AxOSeYg,pass,0,231787,0
gef_oMsOzel1ARH3jGuN3bKP8A,pass,0,3072,0
gef_oR44SZoeuepJ-CAS9qkCFA,pass,0,6959,0
gef_oVSsqsUBk9mBzWJT-tCWVw,pass,0,1560,0
gef_oumfHnFnDFJiMCmlcxKjXg,pass,0,997,107
gef_pUId0IUt2TdA2KhhM1Uu4w,pass,0,997,107
gef_pbPcPam6vHVxBvBxljIz_Q,pass,0,997,212
gef_pk4QY2cn47Az29azsnTqIQ,pass,0,997,212
gef_pksUxab_jod-DKv4IqUWUg,pass,0,4837,0
gef_q7eMx_djHJSFMLHsOxyiJg,pass,0,100339,0
gef_qCCW80TjmTLrtzPhIPEcpg,pass,0,90111,0
gef_qM7X7H7Y0VucmeKsVF4jGw,pass,0,231356,0
gef_qOqQQ1lruOt9u7LcfF9f2A,pass,0,230985,0
gef_qR_heIlF2uCjHK3mGPVZcQ,pass,0,3644,0
gef_qSrfEQtE_FPSs9X1T5XYXA,pass,0,4043,0
gef_qrn06AADBY_EphyFoPEx1w,pass,0,3027,0
gef_qvuGr--8wGkgnI5JP9sj-w,pass,0,997,212
gef_r7INgSLuwbBd58oupSbVTg,pass,0,997,107
gef_r9FW4gDAy-dDfIxWO-lgYw,pass,0,2341,0
gef_rJYUJvMC0RIwkert24v0Pg,pass,0,997,212
gef_rKsanM61yzaBMbGrpTPjRg,pass,0,997,107
gef_rULKvKaPHMnucnoq176d2Q,pass,0,997,212
gef_r_BsGT_AOFOx5BpWTCCI1g,pass,0,25830,0
gef_rawpdDjcVlQJpHFDMs8XWA,pass,0,997,107
gef_rdoB6eJ8tBvfgdmR53hhHA,pass,0,18044,0
gef_rgb1OBVcThp5maE_d284Pw,pass,0,997,107
gef_sDHLWyZlzj-sUDg4tPO4VQ,pass,0,997,212
gef_sRaG4daR9LXf1fiHoaTrWg,pass,0,8040,0
gef_shGdTkIwXHxCkLXoKcvOYw,pass,0,19585,0
gef_t68n6aCwDIHd7RCPFgqKdQ,pass,0,7738,0
gef_tL0ZdGiewbzA59cE-AMH7g,pass,0,3831,0
gef_tNkwsgKhmK2-rMypwPdSZw,pass,0,17576,0
gef_tgYY2UkJmJLvWIaPOyxG3A,pass,0,231884,0
gef_thgTr8vQlNzGCBE3JPc5dQ,pass,0,2550,0
gef_ts1Dxv6MCHrBhBtWM3NhGw,pass,0,159438,105
gef_tzMSqjmfber6DQYt8rE4XA,pass,0,7935,0
gef_u9OtpcY_KPLUOQaRCpX7vQ,pass,0,45481,0
gef_u9lrCWekWK6cqCNdEouPuw,pass,0,17775,0
gef_uG5yDo42y7XtNSYrC2BKfQ,pass,0,997,212
gef_uNR86kcABX55RYvLVEbVBg,pass,0,997,107
gef_uP3k-z8ZFtFo0VcYAscpxg,pass,0,5854,0
gef_uk_Gp3ROiXzRYwYQvGHiAw,pass,0,997,212
gef_umURyKNI7b_YEGKsGCR6pg,pass,0,146569,0
gef_v-pm3nO5GdjZCmFhHHZZiw,pass,0,997,107
gef_v4eMDbC2raHPjy_a_VnTFw,pass,0,67231,0
gef_vBrgDy8cZF7su0nIYe7BBg,pass,0,2314,0
gef_vIhKqrKxSuxUQufXpYwjbw,pass,0,7504,0
gef_vl1KY7vOfliXe2Rk_JmOig,pass,0,9171,0
gef_vnAMACHIEDL-3ABxRqWcNQ,pass,0,997,212
gef_vyST_3GO1kyk7vxPwF26fg,pass,0,997,212
gef_wHtcwM8MU3ptv8D29PTEuA,pass,0,55622,0
gef_wPakBOpfGUXcW14oKB8apg,pass,0,997,212
gef_wSnvrhA4s70d_IlbVTXqEw,pass,0,8566,0
gef_wd3MkxlAScZhd6-vEQakrg,pass,0,230803,107
gef_wiQgG89TFt5F1gcmeUiouA,pass,0,997,212
gef_wvT8h6dREg2VPZ_NtnZ3iA,pass,0,4223,0
gef_wwq4PSyuLvqHbsePJW2O-A,pass,0,55915,0
gef_x2s6Q3qhSxqna2XgYzi5jA,pass,0,997,107
gef_x4TT_fAnkDxwe6J7cwPX9g,pass,0,997,212
gef_xCpZLB-WNoF1Nb3aKxeBCw,pass,0,997,212
gef_xHQMlT1TBHswC31MfE4Z_Q,pass,0,43107,0
gef_xoCJ1wczcUedVlWydLDIWA,pass,0,5391,0
gef_xwILYNMpoabX4PDGYXIZAA,pass,0,230745,0
gef_y2pQK8d9fstnQElgx8wuCw,pass,0,159438,105
gef_y5fA5zyk6naWz6-n2dhexw,pass,0,29877,0
gef_yBVifVBTyE44AKnehzSrvA,pass,0,231044,0
gef_ydiRLn-CuudCvBD2rslLEA,pass,0,997,212
gef_ydvhv-LgZWZ-jGGk1Q4YUA,pass,0,997,212
gef_z0ZZBYP1-4AxWFkP_WFbdw,pass,0,15359,0
gef_z6H2MHesYZRhq3juvnNsLg,pass,0,50385,0
gef_z8QGmIrcvq7pTVVlupS2dg,pass,0,4032,0
gef_z8SjsNJoawdYjjxZVO1_9Q,pass,0,33202,0
gef_zBhX83lFRBKGOgEwGvjpQQ,pass,0,1885,0
gef_zGOGx6T7cfIMR_ORVTlVqA,pass,0,18977,0
gef_zT72TFJb3OTJKjN7Uhf8vA,pass,0,997,212
gef_zZqc4xzfyyNXqOdBIUQdAA,pass,0,1770,0
gef_z_-oUPyXaUjTFifstsm6hw,pass,0,55915,0
gef_z_kzeDf4gyKvCNtGdi4obw,pass,0,997,107
gef_zaJKsOt3iAeOo2vln9Q0yA,pass,0,2631,0
gef_zbakUOlnO4we8yKkB1M3iw,pass,0,6490,0
gef_zdeWGpG0_JLolyEGQE83Ug,pass,0,997,107
gef_zef78KK3umVqsjvoQWztXA,pass,0,997,107
gef_zhpzTQhjz_2fbmfR_TRy7A,pass,0,997,212
gef_zwAiFT4tOQqt6gnEOXrZ_w,pass,0,1772,0
gef_zxQ1B_6QXzU7gKzSp5ktYw,pass,0,997,212
